,url,Offered since,Available
0,https://www.pararius.com/apartment-for-rent/amsterdam/0d8253d4/groenburgwal,03-11-2021,From 01-12-2021
1,https://www.pararius.com/apartment-for-rent/utrecht/11ff04c3/auriollaan,29-10-2021,From 01-12-2021
2,https://www.pararius.com/apartment-for-rent/zwolle/f66f7534/papenstraat,30-10-2021,Immediately
3,https://www.pararius.com/apartment-for-rent/arnhem/3f00a0da/amsterdamseweg,02-11-2021,From 01-01-2022
4,https://www.pararius.com/studio-for-rent/capelle-aan-den-ijssel/218ec83c/fascinatio-boulevard,03-11-2021,Immediately
5,https://www.pararius.com/apartment-for-rent/rotterdam/6d229ffe/westzeedijk,04-11-2021,Immediately
6,https://www.pararius.com/apartment-for-rent/almere/7f380b0d/makelaarstraat,02-11-2021,Immediately
7,https://www.pararius.com/apartment-for-rent/den-haag/84eb800b/veenkade,29-10-2021,From 01-12-2021
8,https://www.pararius.com/apartment-for-rent/amsterdam/4bc3682f/van-nijenrodeweg,30-10-2021,Immediately
9,https://www.pararius.com/apartment-for-rent/haren-gn/417a1480/hugo-de-vriesweg,03-11-2021,From 01-12-2021
10,https://www.pararius.com/apartment-for-rent/amsterdam/b6d0ac42/cas-oorthuyskade,3 weeks,Immediately
11,https://www.pararius.com/apartment-for-rent/amsterdam/54889b0b/voc-kade,02-11-2021,In consultation
12,https://www.pararius.com/apartment-for-rent/eindhoven/23bd7d08/zwembadweg,02-11-2021,In consultation
13,https://www.pararius.com/apartment-for-rent/den-haag/499b591e/rijswijkseweg,02-11-2021,Immediately
14,https://www.pararius.com/apartment-for-rent/den-haag/4ea25fe8/noorderbeekdwarsstraat,28-10-2021,In consultation
15,https://www.pararius.com/apartment-for-rent/delft/1c460efa/vrouwenregt,03-11-2021,From 06-12-2021
16,https://www.pararius.com/apartment-for-rent/amsterdam/40b760c4/melkdistelstraat,02-11-2021,From 30-11-2021
17,https://www.pararius.com/studio-for-rent/breda/0878904b/academiesingel,2 weeks,From 01-12-2021
18,https://www.pararius.com/apartment-for-rent/amsterdam/c0c395c0/herengracht,02-11-2021,Immediately
19,https://www.pararius.com/apartment-for-rent/den-haag/76cb289e/lorentzplein,01-11-2021,From 01-12-2021
20,https://www.pararius.com/apartment-for-rent/haarlem/aacb64d8/jelgersmastraat,01-11-2021,From 01-12-2021
21,https://www.pararius.com/house-for-rent/doesburg/453d9df0/bresstraat,28-10-2021,Immediately
22,https://www.pararius.com/house-for-rent/leiden/8655407c/frans-van-mierisstraat,03-11-2021,From 01-01-2022
23,https://www.pararius.com/apartment-for-rent/arnhem/902c66ec/eusebiusbuitensingel,03-11-2021,Immediately
24,https://www.pararius.com/apartment-for-rent/amsterdam/f4a991d2/sint-jacobsstraat,02-11-2021,From 15-11-2021
25,https://www.pararius.com/apartment-for-rent/rotterdam/b44eff15/spoorsingel,03-11-2021,Immediately
26,https://www.pararius.com/house-for-rent/soest/b3bad7c2/dokter-rupertlaan,02-11-2021,From 01-12-2021
27,https://www.pararius.com/apartment-for-rent/den-haag/a700a0a9/kanaalweg,02-11-2021,From 01-12-2021
28,https://www.pararius.com/apartment-for-rent/amsterdam/85193514/cornelis-schuytstraat,02-11-2021,Immediately
29,https://www.pararius.com/apartment-for-rent/amsterdam/1a39cfb4/van-spilbergenstraat,02-11-2021,In consultation
30,https://www.pararius.com/apartment-for-rent/amsterdam/c0a1236a/max-planckstraat,29-10-2021,In consultation
31,https://www.pararius.com/house-for-rent/veldhoven/8eec01c3/korenmolen,04-11-2021,In consultation
32,https://www.pararius.com/apartment-for-rent/dordrecht/f985bcce/haringstraat,29-10-2021,Immediately
33,https://www.pararius.com/apartment-for-rent/etten-leur/0e5e071d/lange-brugstraat,02-11-2021,From 01-12-2021
34,https://www.pararius.com/house-for-rent/rotterdam/e5e92de1/puck-van-heelstraat,29-10-2021,In consultation
35,https://www.pararius.com/apartment-for-rent/amsterdam/6e292cfd/hagedoornweg,02-11-2021,From 01-12-2021
36,https://www.pararius.com/apartment-for-rent/leeuwarden/7e3f64f8/vuurdoornstraat,03-11-2021,From 01-12-2021
37,https://www.pararius.com/apartment-for-rent/amsterdam/a2288a7f/jan-den-haenstraat,30-10-2021,From 01-12-2021
38,https://www.pararius.com/apartment-for-rent/son-en-breugel/069ac149/boslaan,28-10-2021,From 08-11-2021
39,https://www.pararius.com/apartment-for-rent/haarlem/54ca85fa/pieterstraat,02-11-2021,Immediately
40,https://www.pararius.com/apartment-for-rent/amsterdam/fd138b10/sint-jacobsstraat,03-11-2021,From 15-11-2021
41,https://www.pararius.com/apartment-for-rent/den-haag/c7a1a2bf/jan-ten-brinkstraat,29-10-2021,Immediately
42,https://www.pararius.com/apartment-for-rent/rotterdam/69e238ba/hoevestraat,29-10-2021,Immediately
43,https://www.pararius.com/apartment-for-rent/amsterdam/c1674551/albert-cuypstraat,01-11-2021,From 03-01-2022
44,https://www.pararius.com/apartment-for-rent/rotterdam/70b5155c/avenue-concordia,02-11-2021,Immediately
45,https://www.pararius.com/house-for-rent/herveld/848b18c0/merkenhorststraat,02-11-2021,Immediately
46,https://www.pararius.com/house-for-rent/hellevoetsluis/d051da87/rijksstraatweg,29-10-2021,Immediately
47,https://www.pararius.com/apartment-for-rent/den-haag/d1751f81/hobbemastraat,02-11-2021,From 01-12-2021
48,https://www.pararius.com/house-for-rent/nispen/b9890bf0/essenseweg,03-11-2021,In consultation
49,https://www.pararius.com/apartment-for-rent/rotterdam/de70f783/vierambachtsstraat,04-11-2021,Immediately
50,https://www.pararius.com/studio-for-rent/kampen/0c87d565/koornmarkt,02-11-2021,From 01-01-2022
51,https://www.pararius.com/apartment-for-rent/den-haag/b3f7d12e/1e-lulofsdwarsstraat,01-11-2021,Immediately
52,https://www.pararius.com/apartment-for-rent/amsterdam/1f73a948/welnastraat,02-11-2021,From 01-12-2021
53,https://www.pararius.com/apartment-for-rent/den-haag/abcab2ba/monstersestraat,29-10-2021,Immediately
54,https://www.pararius.com/apartment-for-rent/amsterdam/408ab86f/tweede-hugo-de-grootstraat,31-10-2021,From 01-12-2021
55,https://www.pararius.com/apartment-for-rent/heemstede/e46f5c12/binnenweg,02-11-2021,Immediately
56,https://www.pararius.com/apartment-for-rent/utrecht/544808f2/hartingstraat,29-10-2021,From 07-12-2021
57,https://www.pararius.com/apartment-for-rent/zoetermeer/7544f33e/europaweg,03-11-2021,Immediately
58,https://www.pararius.com/apartment-for-rent/amstelveen/3401443e/voornsehoek,26-10-2021,From 01-12-2021
59,https://www.pararius.com/apartment-for-rent/wageningen/6ff842b9/wilhelminaweg,02-11-2021,From 01-01-2022
60,https://www.pararius.com/apartment-for-rent/almere/3e6226d4/denemarkenstraat,02-11-2021,From 01-12-2021
61,https://www.pararius.com/studio-for-rent/amsterdam/da499119/barndesteeg,02-11-2021,From 01-12-2021
62,https://www.pararius.com/apartment-for-rent/noordwijkerhout/e61cd367/havenstraat,02-11-2021,In consultation
63,https://www.pararius.com/apartment-for-rent/amsterdam/7ae37e0c/burmanstraat,02-11-2021,From 06-12-2021
64,https://www.pararius.com/apartment-for-rent/rotterdam/36846b03/adrien-mildersstraat,03-11-2021,Immediately
65,https://www.pararius.com/apartment-for-rent/amstelveen/fe52e5d2/amsterdamseweg,02-11-2021,Immediately
66,https://www.pararius.com/apartment-for-rent/rotterdam/60af18c8/gerrit-van-de-lindestraat,03-11-2021,Immediately
67,https://www.pararius.com/apartment-for-rent/rotterdam/95608630/van-beethovensingel,4 weeks,In consultation
68,https://www.pararius.com/house-for-rent/vijfhuizen/413f10e3/jack-sharp-park,04-11-2021,From 01-12-2021
69,https://www.pararius.com/apartment-for-rent/rotterdam/a7c07c8a/walenburgerweg,02-11-2021,From 01-12-2021
70,https://www.pararius.com/apartment-for-rent/amsterdam/3f143a61/overtoom,30-10-2021,From 15-11-2021
71,https://www.pararius.com/apartment-for-rent/amsterdam/474c695c/gerard-brandtstraat,02-11-2021,Immediately
72,https://www.pararius.com/apartment-for-rent/rotterdam/3b754ff1/henegouwerlaan,28-10-2021,Immediately
73,https://www.pararius.com/apartment-for-rent/rotterdam/d620fcdb/oranjeboomstraat,01-11-2021,Immediately
74,https://www.pararius.com/apartment-for-rent/waalre/3243dfef/molenstraat,03-11-2021,From 01-01-2022
75,https://www.pararius.com/apartment-for-rent/rotterdam/2a13de70/zwederstraat,03-11-2021,Immediately
76,https://www.pararius.com/apartment-for-rent/amersfoort/c64a1bb3/sint-janskerkhof,28-10-2021,In consultation
77,https://www.pararius.com/apartment-for-rent/den-haag/5318937e/helmersstraat,02-11-2021,From 01-01-2022
78,https://www.pararius.com/apartment-for-rent/groningen/8553daaf/beethovenlaan,04-11-2021,From 01-12-2021
79,https://www.pararius.com/apartment-for-rent/leiden/a98edcb7/nieuwe-rijn,01-11-2021,Immediately
80,https://www.pararius.com/apartment-for-rent/amsterdam/8efaaccf/van-ollefenstraat,03-11-2021,Immediately
81,https://www.pararius.com/apartment-for-rent/amsterdam/3ec18d3d/kribbestraat,03-11-2021,From 15-11-2021
82,https://www.pararius.com/apartment-for-rent/apeldoorn/d21a677c/hoofdstraat,01-11-2021,From 01-12-2021
83,https://www.pararius.com/apartment-for-rent/breda/3d72c641/nassausingel,03-11-2021,Immediately
84,https://www.pararius.com/house-for-rent/maastricht/ac25b05b/kesselskade,29-10-2021,From 01-01-2022
85,https://www.pararius.com/apartment-for-rent/amsterdam/5b326416/maritzstraat,03-11-2021,Immediately
86,https://www.pararius.com/house-for-rent/utrecht/8812fd8e/augusto-sandinostraat,03-11-2021,From 01-01-2022
87,https://www.pararius.com/apartment-for-rent/haarlem/50ba09d8/jansweg,29-10-2021,From 01-12-2021
88,https://www.pararius.com/room-for-rent/maastricht/d943f464/meerssenerweg,03-11-2021,From 08-11-2021
89,https://www.pararius.com/apartment-for-rent/amsterdam/52bd5961/bijlmerdreef,3 months,Immediately
90,https://www.pararius.com/room-for-rent/maastricht/05480e6c/duitsepoort,04-11-2021,From 01-12-2021
91,https://www.pararius.com/house-for-rent/maarssen/d2f3db1a/marco-pololaan,29-10-2021,From 01-12-2021
92,https://www.pararius.com/apartment-for-rent/groningen/8b54160f/schuitendiep,02-11-2021,From 01-12-2021
93,https://www.pararius.com/room-for-rent/leeuwarden/c2f91cd7/oranje-nassaupark,03-11-2021,From 01-12-2021
94,https://www.pararius.com/apartment-for-rent/amsterdam/aa4a0ce0/polderweg,02-11-2021,Immediately
95,https://www.pararius.com/apartment-for-rent/leeuwarden/5ac7ad1a/heerestraat,02-11-2021,Immediately
96,https://www.pararius.com/apartment-for-rent/utrecht/6cd29cbc/koningsweg,28-10-2021,From 01-12-2021
97,https://www.pararius.com/apartment-for-rent/utrecht/b5c1c47e/oude-kerkstraat,03-11-2021,From 01-12-2021
98,https://www.pararius.com/apartment-for-rent/delft/080d0145/hof-van-delftlaan,01-11-2021,In consultation
99,https://www.pararius.com/apartment-for-rent/delft/eb84a586/van-adrichemstraat,29-10-2021,Immediately
100,https://www.pararius.com/house-for-rent/den-haag/cb90d287/bezuidenhoutseweg,02-11-2021,Immediately
101,https://www.pararius.com/house-for-rent/vlissingen/0ecc8cb5/bouwen-ewoutstraat,03-11-2021,Immediately
102,https://www.pararius.com/apartment-for-rent/rotterdam/096a96ef/zijl,03-11-2021,In consultation
103,https://www.pararius.com/apartment-for-rent/rotterdam/247d094a/isaaec-hubertstraat,03-11-2021,From 01-12-2021
104,https://www.pararius.com/apartment-for-rent/hoensbroek/57eb1374/akerstraat-noord,28-10-2021,From 01-12-2021
105,https://www.pararius.com/room-for-rent/boxmeer/a1d29b33/spoorstraat,02-11-2021,From 01-12-2021
106,https://www.pararius.com/apartment-for-rent/amsterdam/cfd83c94/prinsengracht,03-11-2021,From 15-12-2021
107,https://www.pararius.com/apartment-for-rent/eindhoven/4a9db482/hertog-hendrik-van-brabantplein,02-11-2021,From 01-12-2021
108,https://www.pararius.com/apartment-for-rent/vught/fc079f21/taalstraat,29-10-2021,From 01-01-2022
109,https://www.pararius.com/apartment-for-rent/den-haag/3fb21953/amsterdamse-veerkade,02-11-2021,From 01-12-2021
110,https://www.pararius.com/apartment-for-rent/amsterdam/14e4a779/tweede-jacob-van-campenstraat,02-11-2021,From 25-11-2021
111,https://www.pararius.com/apartment-for-rent/beek-lb/7b88dc49/achter-de-kerk,03-11-2021,Immediately
112,https://www.pararius.com/apartment-for-rent/den-haag/61d7e747/vlasakkersstraat,02-11-2021,Immediately
113,https://www.pararius.com/apartment-for-rent/arnhem/59a87e22/bovenover,03-11-2021,From 15-12-2021
114,https://www.pararius.com/apartment-for-rent/den-bosch/09d4f78b/stoofstraat,02-11-2021,From 01-12-2021
115,https://www.pararius.com/apartment-for-rent/den-haag/baac7be7/regentesselaan,01-11-2021,Immediately
116,https://www.pararius.com/apartment-for-rent/rijswijk/26ace833/caan-van-necklaan,28-10-2021,From 01-12-2021
117,https://www.pararius.com/apartment-for-rent/apeldoorn/457afac2/wilhelmina-druckerstraat,03-11-2021,From 01-12-2021
118,https://www.pararius.com/apartment-for-rent/bussum/94ef392c/koningslaan,28-10-2021,In consultation
119,https://www.pararius.com/apartment-for-rent/rotterdam/1dec9e8b/polanenstraat,01-11-2021,In consultation
120,https://www.pararius.com/studio-for-rent/utrecht/9340502a/bemuurde-weerd-o-z,03-11-2021,From 01-12-2021
121,https://www.pararius.com/apartment-for-rent/utrecht/c56e74e4/livingstonelaan,01-11-2021,From 01-12-2021
122,https://www.pararius.com/apartment-for-rent/amsterdam/3de0463a/maria-austriastraat,30-10-2021,In consultation
123,https://www.pararius.com/apartment-for-rent/amsterdam/6b0d67b4/gerrit-mannourystraat,02-11-2021,From 01-12-2021
124,https://www.pararius.com/apartment-for-rent/leiden/41791239/galgewater,28-10-2021,In consultation
125,https://www.pararius.com/studio-for-rent/katwijk/e66aca0a/koningin-wilhelminastraat,02-11-2021,Immediately
126,https://www.pararius.com/apartment-for-rent/amsterdam/1a63fce6/bankastraat,6 weeks,From 01-12-2021
127,https://www.pararius.com/apartment-for-rent/oegstgeest/04997dfa/aert-van-neslaan,02-11-2021,Immediately
128,https://www.pararius.com/apartment-for-rent/den-bosch/c6d07582/stationsweg,02-11-2021,From 15-11-2021
129,https://www.pararius.com/apartment-for-rent/rotterdam/0544fa92/kruisplein,28-10-2021,Immediately
130,https://www.pararius.com/studio-for-rent/eindhoven/abb453a7/tongelresestraat,01-11-2021,From 01-12-2021
131,https://www.pararius.com/apartment-for-rent/amersfoort/4ec32e36/kleine-haag,03-11-2021,From 01-01-2022
132,https://www.pararius.com/apartment-for-rent/amsterdam/77e08d37/eerste-jan-van-der-heijdenstraat,6 weeks,Immediately
133,https://www.pararius.com/apartment-for-rent/schiedam/23d2fb64/van-beverenstraat,04-11-2021,In consultation
134,https://www.pararius.com/apartment-for-rent/sassenheim/bc7d53da/hoofdstraat,31-10-2021,From 13-12-2021
135,https://www.pararius.com/apartment-for-rent/huizen/9d2b18cc/golfstroom,01-11-2021,In consultation
136,https://www.pararius.com/apartment-for-rent/rotterdam/35be1dc4/strevelsweg,01-11-2021,In consultation
137,https://www.pararius.com/apartment-for-rent/utrecht/982f0d3a/winklerlaan,01-11-2021,From 01-04-2022
138,https://www.pararius.com/room-for-rent/groenekan/940ab53a/koningin-wilhelminaweg,03-11-2021,From 10-12-2021
139,https://www.pararius.com/apartment-for-rent/amsterdam/b812aca1/galileiplantsoen,02-11-2021,Immediately
140,https://www.pararius.com/house-for-rent/amsterdam/da04a961/rapenburg,02-11-2021,In consultation
141,https://www.pararius.com/apartment-for-rent/rotterdam/a31d1e0e/avenue-concordia,03-11-2021,From 01-01-2022
142,https://www.pararius.com/apartment-for-rent/eindhoven/c4b038f6/anna-bijnsweg,28-10-2021,Immediately
143,https://www.pararius.com/apartment-for-rent/amsterdam/3e31901f/wethouder-frankeweg,02-11-2021,From 03-01-2022
144,https://www.pararius.com/apartment-for-rent/amsterdam/e7b3bcda/olympiaweg,02-11-2021,From 01-12-2021
145,https://www.pararius.com/studio-for-rent/eindhoven/5a5ac604/accumulatorstraat,02-11-2021,From 01-01-2022
146,https://www.pararius.com/apartment-for-rent/rotterdam/081e71cc/coolhaven,01-11-2021,Immediately
147,https://www.pararius.com/apartment-for-rent/amsterdam/5afb0c14/ferdinand-bolstraat,03-11-2021,Immediately
148,https://www.pararius.com/apartment-for-rent/amsterdam/b65bed11/vechtstraat,31-10-2021,From 01-12-2021
149,https://www.pararius.com/apartment-for-rent/breda/714434dc/oranjeboomstraat,02-11-2021,From 01-12-2021
150,https://www.pararius.com/apartment-for-rent/eindhoven/8870fa3c/frederiklaan,02-11-2021,From 01-12-2021
151,https://www.pararius.com/house-for-rent/hillegom/323bec6b/sixlaan,02-11-2021,From 15-12-2021
152,https://www.pararius.com/apartment-for-rent/maastricht/25adf594/brouwersweg,03-11-2021,Immediately
153,https://www.pararius.com/apartment-for-rent/rotterdam/ee72a1c3/walchersestraat,29-10-2021,Immediately
154,https://www.pararius.com/apartment-for-rent/delft/25906d63/markt,02-11-2021,In consultation
155,https://www.pararius.com/house-for-rent/amstelveen/13427743/herman-de-manlaan,28-10-2021,From 01-12-2021
156,https://www.pararius.com/apartment-for-rent/veldhoven/70b91cc6/wal,02-11-2021,From 15-12-2021
157,https://www.pararius.com/apartment-for-rent/heerlen/0334a6c3/schandelerboord,01-11-2021,Immediately
158,https://www.pararius.com/apartment-for-rent/huissen/25719969/baron-van-spittaellaan,02-11-2021,From 01-12-2021
159,https://www.pararius.com/apartment-for-rent/rotterdam/9e3555a6/burgemeester-roosstraat,02-11-2021,From 12-11-2021
160,https://www.pararius.com/apartment-for-rent/bilthoven/c7efa22a/prins-hendriklaan,28-10-2021,From 01-12-2021
161,https://www.pararius.com/apartment-for-rent/eindhoven/1c5064ee/strijpsestraat,28-10-2021,In consultation
162,https://www.pararius.com/apartment-for-rent/den-haag/7149176a/denneweg,4 weeks,In consultation
163,https://www.pararius.com/house-for-rent/utrecht/39f10370/croeselaan,28-10-2021,Immediately
164,https://www.pararius.com/studio-for-rent/tilburg/df60c2d4/schinveldstraat,03-11-2021,From 01-12-2021
165,https://www.pararius.com/apartment-for-rent/almere/5f7562a3/scandinaviekade,03-11-2021,Immediately
166,https://www.pararius.com/apartment-for-rent/breda/6c5c1795/vredenburchstraat,03-11-2021,From 06-12-2021
167,https://www.pararius.com/apartment-for-rent/rotterdam/f92d8ab7/schieweg,28-10-2021,From 01-12-2021
168,https://www.pararius.com/apartment-for-rent/rotterdam/1ec1af6f/westzeedijk,03-11-2021,Immediately
169,https://www.pararius.com/apartment-for-rent/amsterdam/b596ad63/van-walbeeckstraat,03-11-2021,Immediately
170,https://www.pararius.com/apartment-for-rent/den-haag/1a92684c/loosduinsekade,04-11-2021,In consultation
171,https://www.pararius.com/apartment-for-rent/amsterdam/3aa6cb5d/pieter-lastmankade,2 months,Immediately
172,https://www.pararius.com/apartment-for-rent/amsterdam/4fbb1478/orteliuskade,04-11-2021,In consultation
173,https://www.pararius.com/room-for-rent/zwolle/ef4a7479/van-ittersumstraat,03-11-2021,From 30-11-2021
174,https://www.pararius.com/house-for-rent/eindhoven/fc2f8538/frankendaal,29-10-2021,From 15-11-2021
175,https://www.pararius.com/apartment-for-rent/rotterdam/de4540f9/mauritsstraat,02-11-2021,Immediately
176,https://www.pararius.com/apartment-for-rent/vlissingen/d9c8874e/boulevard-bankert,02-11-2021,Immediately
177,https://www.pararius.com/apartment-for-rent/maastricht/7dbb987a/franciscus-romanusweg,03-11-2021,Immediately
178,https://www.pararius.com/house-for-rent/amsterdam/fac483a5/sophialaan,02-11-2021,In consultation
179,https://www.pararius.com/apartment-for-rent/den-haag/8492e7a0/prinsessegracht,02-11-2021,Immediately
180,https://www.pararius.com/apartment-for-rent/utrecht/616b0193/johannes-uitenbogaertstraat,02-11-2021,Immediately
181,https://www.pararius.com/house-for-rent/etten-leur/be5d6c60/europalaan,03-11-2021,From 01-02-2022
182,https://www.pararius.com/studio-for-rent/venlo/7d05a3be/eindhovenseweg,01-11-2021,In consultation
183,https://www.pararius.com/apartment-for-rent/amsterdam/57309a18/vrouwengelukhof,01-11-2021,Immediately
184,https://www.pararius.com/room-for-rent/eindhoven/26fce167/hoefkestraat,03-11-2021,From 01-12-2021
185,https://www.pararius.com/apartment-for-rent/ijsselstein/25d20046/koningshof,03-11-2021,Immediately
186,https://www.pararius.com/apartment-for-rent/amsterdam/ac222725/brederodestraat,03-11-2021,From 01-12-2021
187,https://www.pararius.com/apartment-for-rent/venlo/5ede5d6e/van-laerstraat,02-11-2021,From 01-12-2021
188,https://www.pararius.com/house-for-rent/westervoort/50a51642/de-leigraaf,02-11-2021,From 01-12-2021
189,https://www.pararius.com/apartment-for-rent/zwolle/dc6afb45/dokter-van-deenweg,02-11-2021,From 03-12-2021
190,https://www.pararius.com/apartment-for-rent/den-haag/ef4a768a/parkstraat,01-11-2021,In consultation
191,https://www.pararius.com/house-for-rent/ijsselstein/10c842cb/vronesteijn,04-11-2021,From 01-12-2021
192,https://www.pararius.com/studio-for-rent/zwolle/83e3d88d/venestraat,4 weeks,From 01-12-2021
193,https://www.pararius.com/apartment-for-rent/maastricht/41e8ac62/kleine-looiersstraat,03-11-2021,From 01-12-2021
194,https://www.pararius.com/apartment-for-rent/tilburg/3425469d/telegraafstraat,02-11-2021,From 01-12-2021
195,https://www.pararius.com/apartment-for-rent/amsterdam/464082c2/albatrospad,02-11-2021,From 01-12-2021
196,https://www.pararius.com/apartment-for-rent/haarlem/4381a2c0/lange-herenvest,29-10-2021,Immediately
197,https://www.pararius.com/apartment-for-rent/den-haag/5e68b8c6/prinsegracht,02-11-2021,Immediately
198,https://www.pararius.com/apartment-for-rent/zeist/f78822cd/montaubanstraat,03-11-2021,Immediately
199,https://www.pararius.com/apartment-for-rent/leiden/9ebcf271/hogewoerd,29-10-2021,From 01-12-2021
200,https://www.pararius.com/room-for-rent/amsterdam/27cbceb3/holendrechtstraat,2 months,Immediately
201,https://www.pararius.com/apartment-for-rent/amsterdam/6e713a00/herengracht,02-11-2021,From 01-12-2021
202,https://www.pararius.com/apartment-for-rent/amsterdam/42f9a9d3/dam,01-11-2021,In consultation
203,https://www.pararius.com/apartment-for-rent/kerkdriel/fb4b438b/ipperakkeren,29-10-2021,Immediately
204,https://www.pararius.com/apartment-for-rent/haarlem/8125fba4/engelandlaan,01-11-2021,From 01-12-2021
205,https://www.pararius.com/apartment-for-rent/den-bosch/40ef16fd/eerste-straatje-van-best,01-11-2021,Immediately
206,https://www.pararius.com/apartment-for-rent/purmerend/c8c66f6c/waterlandlaan,03-11-2021,From 01-12-2021
207,https://www.pararius.com/apartment-for-rent/groningen/c6f83012/westersingel,29-10-2021,From 01-12-2021
208,https://www.pararius.com/apartment-for-rent/eindhoven/05218e96/heezerweg,03-11-2021,From 01-12-2021
209,https://www.pararius.com/apartment-for-rent/oegstgeest/a687182c/adriaan-van-royenlaan,29-10-2021,In consultation
210,https://www.pararius.com/apartment-for-rent/amsterdam/b1e95f07/leidsekruisstraat,04-11-2021,Immediately
211,https://www.pararius.com/apartment-for-rent/alphen-aan-den-rijn/51c597ce/henry-dunantweg,03-11-2021,Immediately
212,https://www.pararius.com/apartment-for-rent/amsterdam/89a45446/van-bossestraat,28-10-2021,From 01-12-2021
213,https://www.pararius.com/apartment-for-rent/delft/759d3ea3/korte-geer,2 months,Immediately
214,https://www.pararius.com/house-for-rent/amstelveen/7488b825/heemraadschapslaan,01-11-2021,From 15-01-2022
215,https://www.pararius.com/apartment-for-rent/amsterdam/70850923/kerkstraat,28-10-2021,From 01-12-2021
216,https://www.pararius.com/apartment-for-rent/den-haag/4ca3588f/prinsestraat,03-11-2021,From 06-12-2021
217,https://www.pararius.com/house-for-rent/den-haag/d7d91931/stationsweg,03-11-2021,Immediately
218,https://www.pararius.com/room-for-rent/den-bosch/d1dea69e/bethaniestraat,02-11-2021,From 01-12-2021
219,https://www.pararius.com/apartment-for-rent/amsterdam/a24bb1e0/august-allebeplein,01-11-2021,From 10-11-2021
220,https://www.pararius.com/apartment-for-rent/amsterdam/e83f3845/pieter-de-hoochstraat,02-11-2021,Immediately
221,https://www.pararius.com/apartment-for-rent/amsterdam/5a409609/frederik-hendrikstraat,29-10-2021,Immediately
222,https://www.pararius.com/apartment-for-rent/maastricht/68deb502/herdenkingsplein,01-11-2021,From 01-12-2021
223,https://www.pararius.com/apartment-for-rent/rotterdam/56fa7996/goereesestraat,03-11-2021,From 01-12-2021
224,https://www.pararius.com/apartment-for-rent/amsterdam/5de575cc/j-f-van-hengelstraat,02-11-2021,In consultation
225,https://www.pararius.com/apartment-for-rent/den-haag/754f2c9a/van-berwaerdeweg,04-11-2021,From 01-12-2021
226,https://www.pararius.com/apartment-for-rent/amsterdam/9722f0b1/pieter-calandlaan,02-11-2021,Immediately
227,https://www.pararius.com/apartment-for-rent/amsterdam/5739c722/van-eeghenstraat,28-10-2021,Immediately
228,https://www.pararius.com/house-for-rent/rotterdam/5fc6b6d2/strombolihof,01-11-2021,Immediately
229,https://www.pararius.com/apartment-for-rent/eindhoven/c25d7a3d/de-regent,01-11-2021,From 02-12-2021
230,https://www.pararius.com/house-for-rent/eindhoven/04d804a9/bergeraclaan,02-11-2021,From 01-12-2021
231,https://www.pararius.com/apartment-for-rent/amsterdam/969e5970/gustav-mahlerlaan,01-11-2021,In consultation
232,https://www.pararius.com/house-for-rent/holten/955412e6/lageweg,02-11-2021,From 15-01-2022
233,https://www.pararius.com/apartment-for-rent/rotterdam/f35ac39c/eendrachtsweg,03-11-2021,In consultation
234,https://www.pararius.com/apartment-for-rent/assen/326a0799/content-hofstede,01-11-2021,From 01-12-2021
235,https://www.pararius.com/apartment-for-rent/amsterdam/c580d7b2/singel,02-11-2021,Immediately
236,https://www.pararius.com/apartment-for-rent/amsterdam/3fa3e2aa/vondelstraat,30-10-2021,From 10-11-2021
237,https://www.pararius.com/house-for-rent/hoofddorp/8da1d34a/anna-blamanstraat,03-11-2021,From 01-12-2021
238,https://www.pararius.com/studio-for-rent/tilburg/8984a389/fatimastraat,02-11-2021,From 01-12-2021
239,https://www.pararius.com/apartment-for-rent/eindhoven/e7d24841/reinkenstraat,03-11-2021,From 15-12-2021
240,https://www.pararius.com/apartment-for-rent/haarlem/ed64dea8/prins-bernhardlaan,01-11-2021,From 06-01-2022
241,https://www.pararius.com/apartment-for-rent/den-haag/03ef6b21/willemstraat,03-11-2021,From 01-12-2021
242,https://www.pararius.com/apartment-for-rent/hoensbroek/9f7872cc/kouvenderstraat,28-10-2021,From 01-12-2021
243,https://www.pararius.com/apartment-for-rent/amsterdam/1b825bd5/pieter-cornelisz-hooftstraat,01-11-2021,In consultation
244,https://www.pararius.com/apartment-for-rent/heemstede/8b555edb/waterhof,29-10-2021,Immediately
245,https://www.pararius.com/apartment-for-rent/maastricht/65a721b5/parallelweg,30-10-2021,Immediately
246,https://www.pararius.com/apartment-for-rent/purmerend/f978567c/nijlstraat,03-11-2021,From 01-12-2021
247,https://www.pararius.com/apartment-for-rent/amsterdam/06e11017/rupelmonde,02-11-2021,Immediately
248,https://www.pararius.com/studio-for-rent/alkmaar/1b374f5c/oudorperdijkje,02-11-2021,Immediately
249,https://www.pararius.com/apartment-for-rent/badhoevedorp/2519fdb2/windestraat,01-11-2021,Immediately
250,https://www.pararius.com/room-for-rent/zwolle/cb72c186/korte-kamperstraat,02-11-2021,From 30-11-2021
251,https://www.pararius.com/apartment-for-rent/amsterdam/f5c1dd96/marcusstraat,01-11-2021,In consultation
252,https://www.pararius.com/apartment-for-rent/den-haag/35a4fd4a/sloepstraat,29-10-2021,From 01-12-2021
253,https://www.pararius.com/apartment-for-rent/vlaardingen/49a2f646/van-der-duyn-van-maasdamlaan,03-11-2021,From 01-12-2021
254,https://www.pararius.com/apartment-for-rent/amsterdam/82ca55a5/millingenhof,01-11-2021,From 01-12-2021
255,https://www.pararius.com/house-for-rent/oegstgeest/280d2012/jacob-van-ruysdaellaan,01-11-2021,Immediately
256,https://www.pararius.com/apartment-for-rent/den-haag/5e274e30/maziestraat,02-11-2021,From 01-12-2021
257,https://www.pararius.com/house-for-rent/groesbeek/98da9c80/hazelaarstraat,03-11-2021,From 15-11-2021
258,https://www.pararius.com/apartment-for-rent/rotterdam/feca11a2/halvemaanpassage,28-10-2021,From 01-12-2021
259,https://www.pararius.com/house-for-rent/almere/4fce3f19/groep-werninkhof,3 months,In consultation
260,https://www.pararius.com/apartment-for-rent/haarlem/a0b24e73/fanny-blankers-koenplein,03-11-2021,From 01-12-2021
261,https://www.pararius.com/house-for-rent/almelo/aa609134/rembrandthof,01-11-2021,From 01-12-2021
262,https://www.pararius.com/house-for-rent/amsterdam/1e9c43f7/amerbos,02-11-2021,From 01-12-2021
263,https://www.pararius.com/house-for-rent/hillegom/5ea4fdfd/weeresteinstraat,02-11-2021,From 09-11-2021
264,https://www.pararius.com/apartment-for-rent/utrecht/9cfb4286/zamenhofdreef,03-11-2021,From 01-12-2021
265,https://www.pararius.com/house-for-rent/zwijndrecht/24e4ba76/jan-vrolijkstraat,02-11-2021,Immediately
266,https://www.pararius.com/house-for-rent/aalsmeer/42135bb6/helling,01-11-2021,From 01-12-2021
267,https://www.pararius.com/apartment-for-rent/amsterdam/57e46555/rustenburgerstraat,02-11-2021,Immediately
268,https://www.pararius.com/apartment-for-rent/amstelveen/31338ed1/mr-f-a-van-hallweg,01-11-2021,From 01-12-2021
269,https://www.pararius.com/house-for-rent/amstelveen/31dfe74f/graselaan,03-11-2021,From 01-12-2021
270,https://www.pararius.com/apartment-for-rent/den-haag/f0c50a43/nunspeetlaan,03-11-2021,From 15-11-2021
271,https://www.pararius.com/room-for-rent/breda/dfdf4821/lunetstraat,28-10-2021,Immediately
272,https://www.pararius.com/apartment-for-rent/voorburg/c2cb6a19/vlietwijck,02-11-2021,From 01-12-2021
273,https://www.pararius.com/house-for-rent/den-haag/a9d5cdc3/lutherse-burgwal,01-11-2021,From 01-12-2021
274,https://www.pararius.com/apartment-for-rent/rotterdam/33cf6c4d/zaadakkerstraat,28-10-2021,In consultation
275,https://www.pararius.com/house-for-rent/utrecht/67d65413/2e-delistraat,03-11-2021,Immediately
276,https://www.pararius.com/studio-for-rent/breda/dc3fa3f5/willemstraat,02-11-2021,From 01-12-2021
277,https://www.pararius.com/apartment-for-rent/vlaardingen/032e3ca3/binnensingel,02-11-2021,From 01-12-2021
278,https://www.pararius.com/apartment-for-rent/amsterdam/5bf3f21b/van-nijenrodeweg,02-11-2021,From 01-12-2021
279,https://www.pararius.com/apartment-for-rent/rotterdam/88c49b4a/prins-frederikplein,03-11-2021,From 07-02-2022
280,https://www.pararius.com/apartment-for-rent/amsterdam/6ba2a0ea/saxen-weimarlaan,29-10-2021,From 16-11-2021
281,https://www.pararius.com/apartment-for-rent/den-haag/79b6f6ff/johan-van-oldenbarneveltlaan,01-11-2021,From 01-01-2022
282,https://www.pararius.com/apartment-for-rent/groningen/48fc209b/westerhavenstraat,01-11-2021,From 01-12-2021
283,https://www.pararius.com/apartment-for-rent/diemen/f3cbaf08/bomenrijk,29-10-2021,In consultation
284,https://www.pararius.com/house-for-rent/noordwijk-zh/a910aee8/jan-van-heusdenstraat,02-11-2021,From 01-12-2021
285,https://www.pararius.com/apartment-for-rent/utrecht/a2246494/madridstraat,03-11-2021,Immediately
286,https://www.pararius.com/apartment-for-rent/utrecht/5b6162a3/biltstraat,01-11-2021,Immediately
287,https://www.pararius.com/house-for-rent/leiderdorp/aa58a862/schildwacht,02-11-2021,From 10-11-2021
288,https://www.pararius.com/apartment-for-rent/den-haag/48433b92/jan-van-nassaustraat,29-10-2021,Immediately
289,https://www.pararius.com/apartment-for-rent/amsterdam/5d72498e/eerste-jan-steenstraat,04-11-2021,In consultation
290,https://www.pararius.com/apartment-for-rent/amsterdam/6fbf87c8/beursstraat,02-11-2021,From 01-12-2021
291,https://www.pararius.com/apartment-for-rent/amsterdam/1cd8ae4c/singel,02-11-2021,From 03-01-2022
292,https://www.pararius.com/apartment-for-rent/den-bosch/ff2073dc/vughterstraat,02-11-2021,From 15-11-2021
293,https://www.pararius.com/apartment-for-rent/amstelveen/cd63ca3b/logger,3 weeks,From 01-12-2021
294,https://www.pararius.com/house-for-rent/almere/e9bf6f86/goyastraat,04-11-2021,From 01-12-2021
295,https://www.pararius.com/apartment-for-rent/den-haag/c13abf74/nieuwe-uitleg,03-11-2021,From 01-12-2021
296,https://www.pararius.com/studio-for-rent/rotterdam/a056c346/eendrachtsstraat,02-11-2021,From 01-12-2021
297,https://www.pararius.com/apartment-for-rent/amsterdam/3f9cf452/burgemeester-hogguerstraat,02-11-2021,From 01-12-2021
